movieId,rating,userId,prediction
148,3.0,148,3.7947154
148,3.0,808,4.029767
148,3.0,458,4.9836144
148,3.0,898,3.4081714
148,3.0,673,2.840389
148,3.0,876,4.096751
148,3.0,683,3.971206
148,3.0,211,4.0291433
148,3.0,756,4.3858495
148,3.0,847,4.044694
148,3.0,874,4.0366488
148,3.0,300,3.2802374
148,3.0,406,3.5523565
148,3.0,412,3.7691648
148,3.0,667,3.9585876
148,3.0,44,3.3191547